Rank,Institution,2006,Unnamed: 3,2007,Unnamed: 5,2008,Unnamed: 7,2009,Unnamed: 9,2010,Unnamed: 11,2011,Unnamed: 13,2012,Unnamed: 15,2013,Unnamed: 17,2014,Unnamed: 19,2015,Unnamed: 21,shift
All institutions,47758700,,49494913,,51871804,,54862998,,58356805,,61988250,,62198564,,63354944,,63771489,,65043838,,,-1
1.0,Johns Hopkins U.a,1499977,,1554103,,1680927,,1856270,,1997252,,2135547,,2092999,i,2149770,i,2227536,i,2299057.0,i,0
2.0,"U. Michigan, Ann Arbor",,,,,,,,,1128686,,1212990,,1247680,,1304074,,1279603,,1300340.0,,0
3.0,"U. California, San Francisco",796149,,842840,,885182,,947697,,935509,,995226,,1032673,,1042841,,1084031,,1126620.0,,0
4.0,"U. Washington, Seattle",,,,,,,,,995036,,1112526,,1065414,,1111508,,1091135,,1101078.0,,0
5.0,"U. California, San Diego",754766,,798896,,842027,,879357,,937982,,1003584,,1065306,,1066979,,1060207,,1093784.0,,0
6.0,Duke U.,657080,,781843,,766906,,805021,,980514,,1018241,,1004759,,987393,,1031404,,1029193.0,,0
7.0,"U. California, Los Angeles",811493,,823083,,871478,,889995,,899677,,942450,,969682,,934135,,920183,,992009.0,,0
8.0,Stanford U.,679196,,687511,,688225,,704183,,810300,,868393,,854580,,900547,,912244,,969643.0,,0
9.0,Harvard U.,453156,,451276,,453028,,462193,,561703,,623116,,753973,,910569,,875964,,955246.0,,0
10.0,Cornell U.,648802,,641936,,653996,,671406,,747199,,779809,,799794,,841224,,874727,,946419.0,,0
11.0,"U. North Carolina, Chapel Hill",443790,,477231,,525843,,646011,,746828,,846499,,864748,,942467,,955601,,939252.0,,0
12.0,U. Wisconsin-Madison,831895,,840672,,881777,,952119,,940286,,1022723,,1030605,,997523,,984830,,938366.0,,0
13.0,Massachusetts Institute of Technology,600748,,614352,,659626,,736102,,646222,,693714,,770367,,833884,,815008,,858917.0,,0
14.0,"U. Pittsburgh, Pittsburgh",530162,,558566,,595627,,623347,,806014,,880425,,839793,,846556,,835838,,852333.0,,0
15.0,"U. Minnesota, Twin Cities",,,,,,,,,764916,,824489,,806832,,834181,,850880,,844016.0,,0
16.0,"Texas A&M U., College Station and Health Science Center",492955,,543888,,582365,,630655,,666516,,682553,,669968,,796101,,826152,,836250.0,,0
17.0,U. Texas M. D. Anderson Cancer Center,457696,,496539,,558503,,578788,,599529,,663279,,685814,,718096,,794980,,833406.0,,0
18.0,U. Pennsylvania,676052,,648247,,708244,,726768,,793523,,851522,,813210,,790265,,792314,,828649.0,,0
19.0,Columbia U. in the City of New York,529945,,545995,,548704,,589575,,770888,,841173,,847809,,845847,,844766,,826010.0,,0
20.0,Yale U.,460075,,448671,,487285,,509452,,621125,,654259,,654824,,787609,,764002,,792953.0,,0
21.0,"Pennsylvania State U., University Park and Hershey Medical Center",,,,,,,,,762041,,776945,,783894,,825011,,785705,,774384.0,,0
22.0,Georgia Institute of Technology,440898,,472591,,522136,,561631,,611226,,650588,,683894,,726377,,720248,,757116.0,,0
23.0,"U. California, Berkeley",546035,,552365,,591770,,652474,,659572,,670926,,696904,,690299,,708485,,748139.0,,0
24.0,Ohio State U.,652329,,720206,,702592,,716461,,719574,,794023,,720082,,743321,,752836,,745238.0,,0
25.0,"U. California, Davis",573002,,600508,,642519,,681618,,669282,,698193,,704999,,715870,,699689,,706087.0,,0
26.0,U. Florida,565491,,592835,,584170,,592082,,636607,,686048,,649988,,642502,,652341,,699750.0,,0
27.0,"Washington U., Saint Louis",547674,,572775,,563967,,628328,,693749,,707404,,689035,,665484,,646756,,680150.0,,0
28.0,U. Southern California,450173,,508138,,519543,,533041,,574366,,579717,,593003,,610382,,650506,,650457.0,,0
29.0,Northwestern U.,419985,,443345,,483881,,515229,,554228,,595202,,602451,,612009,,621504,,627320.0,,0
30.0,Vanderbilt U.,376893,,399149,,422622,,431673,,478345,,534806,,533878,,548086,,659418,,619866.0,,0
31.0,"U. Illinois, Urbana-Champaign",476198,,473890,,501279,,563710,,493386,,522769,,558022,,721587,,598531,,614011.0,,0
32.0,"Rutgers, State U. New Jersey, New Brunswick",,,,,,,,,407170,,415502,,420737,,474192,,627076,,607257.0,,0
33.0,"U. Texas, Austin",431398,,446765,,493294,,506369,,531412,,558377,,549312,,572959,,526173,,597886.0,,0
34.0,U. Arizona,535847,,531753,,545869,,565292,,577958,,597988,,615434,,616487,,575864,,592874.0,,0
35.0,Emory U.,345989,,398383,,441222,,449419,,498309,,479678,i,474537,,493734,,551556,i,574472.0,,0
36.0,Baylor C. of Medicine,462375,,438280,,449301,,449031,,447874,,466061,,474700,,508799,,496314,,520220.0,,0
37.0,Michigan State U.,358097,,360852,,356767,,373184,,399358,,423766,,471620,,479145,,492501,,519994.0,,0
38.0,"U. Alabama, Birmingham",331436,,351457,,404615,,431732,,483862,,497680,,449108,,434882,,421475,,509586.0,,0
39.0,U. Utah,248168,,247794,,253891,,331137,,375420,,410392,,425558,,486245,,476017,,509409.0,,0
40.0,Icahn School of Medicine at Mt. Sinai,273216,,269451,,296380,,318407,,370666,,405527,,400680,,428654,,463429,,508353.0,,0
41.0,New York U.,284164,,297867,,310699,,308834,,343762,,402327,,425043,,435095,,490614,,505071.0,,0
42.0,"U. Maryland, College Park",354244,,359760,,395037,,409190,,440556,,485078,,498417,,487345,,472235,,503368.0,,0
43.0,"Purdue U., West Lafayette",,,,,,,,,477145,,520001,,528140,,528564,,502457,,498887.0,,0
44.0,Virginia Polytechnic Institute and State U.,321722,,366960,,373281,,396681,,393888,,445302,,448054,,487121,,502486,,495502.0,,0
45.0,North Carolina State U.,330936,,331662,,366137,,380571,,357802,,374446,,400046,,413524,,440392,,462347.0,,0
46.0,"Indiana U., Bloomington",,,,,,,,,156996,,160038,,151240,,173464,,172380,,451508.0,,0
47.0,U. Texas Southwestern Medical Center,333237,,341090,,390349,,402087,,419220,,431883,,435085,,440620,,434627,,438824.0,,0
48.0,U. Iowa,346357,,363243,,293564,,329901,,435118,,433088,,432980,,423097,,436852,,423528.0,,0
49.0,"U. South Florida, Tampa",,,,,,,,,330528,,343366,,394694,,410092,,436578,,420002.0,,0
50.0,U. Cincinnati,294150,,336717,,344046,,356752,,393518,,419456,,408294,,414738,,399571,,408412.0,,0
51.0,U. Chicago,305301,,322488,,357278,,377652,,432943,,446512,,411864,,389900,,378322,,408215.0,,0
52.0,Arizona State U.,201955,,224352,,259503,,281588,,296458,,323567,,344611,,367277,,380581,,403708.0,,0
53.0,U. Colorado Boulder,250255,,259624,,261123,,288388,,335983,,372034,,373512,,369663,,362882,,403654.0,,0
54.0,U. Colorado Denver and Anschutz Medical Campus,258030,,261580,,266525,,352902,,376917,,407517,,422844,,400815,,401230,,400515.0,,0
55.0,Case Western Reserve U.,369264,,372374,,416077,,415539,,417805,,428206,,430246,,422041,,417436,,400167.0,,0
56.0,Scripps Research Institute,367375,,360511,,366047,,382275,,387298,,400768,,398673,,399899,,386231,,384161.0,,0
57.0,"U. Maryland, Baltimore",405260,,358851,,379407,,359542,,355910,,391685,,414754,,412387,,390682,,379465.0,,0
58.0,Boston U.,255615,,249279,,255022,,280814,,344687,,348593,,330247,,359312,,353850,,372267.0,,0
59.0,"SUNY, U. Buffalo",297909,,314837,,329720,,338283,,337976,,337783,,340930,,371387,,370083,,367133.0,,0
60.0,U. Miami,213516,,210534,,241775,,248029,,278664,,321830,,361772,,338568,,342852,,362150.0,,0
61.0,Uniformed Services U. of the Health Sciences,67716,,71307,,106179,,192268,,134126,,175365,,143250,,164232,,262489,,361173.0,,0
62.0,California Institute of Technology,270269,,285488,,272881,,342455,,359245,,374636,,374075,i,333548,i,358137,,350833.0,,0
63.0,U. Rochester,366658,,373247,,375218,,395358,,412704,,428144,,388401,,382399,,347161,,344921.0,,0
64.0,"U. Illinois, Chicago",332176,,342421,,335138,,341655,,355581,,373750,,381918,,358797,,339644,,344619.0,,0
65.0,"U. Virginia, Charlottesville",,,,,,,,,271843,,377757,,363569,,366103,,337732,,339813.0,,0
66.0,U. Georgia,323843,,332612,,350299,,349730,,274380,,300388,,311498,,308486,,313445,,330273.0,,0
67.0,U. Kentucky,323958,,331606,,329354,,351943,,350857,,364175,,354132,,332366,,322313,,325558.0,,0
68.0,Oregon Health and Science U.,272174,,287430,,301396,,309675,,314990,,334324,,305360,,307134,,313112,,325268.0,,0
69.0,Rockefeller U.,215417,,233917,,247505,,252478,,265750,,272491,,292896,,298474,,316368,,323932.0,,0
70.0,"U. California, Irvine",300229,,309554,,324552,,325493,,311105,,328870,,335874,,329500,,322315,,313798.0,,0
71.0,"U. Hawaii, Manoa",249635,,266447,,271835,,290707,,303085,,318316,,312311,,326402,,319818,,313046.0,,0
72.0,"Colorado State U., Fort Collins",253992,,288497,,295235,,304397,,291621,,321130,,335336,,303461,,300572,,308785.0,,0
73.0,Washington State U.,196391,,210010,,276806,,285595,,285120,,299905,,288693,,273037,,287942,i,306989.0,,0
74.0,Yeshiva U.,189416,,192199,,197311,,193010,,314240,,281334,,289027,,271166,,306826,,306174.0,,0
75.0,Iowa State U.,221998,,217158,,224368,,224311,,243890,,261016,,252675,,259320,,297293,,295635.0,,0
76.0,"SUNY, Polytechnic Institute",na,,na,,na,,na,,na,,na,,na,,na,,412851,,295313.0,,0
77.0,Brown U.,157926,,152619,,157670,,161650,,201116,,223455,,234906,,222945,,291917,i,286332.0,i,0
78.0,"Louisiana State U., Baton Rouge",251115,,260924,,273001,,285699,,280432,,281221,,279019,,276748,,282462,,274001.0,,0
79.0,Princeton U.,188165,,188732,,194757,,200580,,231862,,255483,,264980,,264998,,287730,,272379.0,,0
80.0,"U. Nebraska, Lincoln",215850,,216032,,229761,,235492,,180544,,220141,,238471,,245170,,254879,,260152.0,,0
81.0,U. Kansas,195947,,202129,,215364,,225856,,251992,,248076,,256310,,267050,,251186,,257766.0,,0
82.0,U. Connecticut,215184,,224679,,225904,,225217,,230387,,247252,,250468,,236126,,247379,,251621.0,,0
83.0,"U. Massachusetts, Medical School",156452,,157469,,178614,,204033,,232039,,262714,,256090,,245923,,241869,,250338.0,,0
84.0,Medical U. South Carolina,176055,,184624,,189369,,216778,,224632,,213346,,236586,,245451,,242594,,243534.0,,0
85.0,"U. Missouri, Columbia",215240,,228654,,244639,,245058,,133120,,130269,,234975,,232760,,233613,,243430.0,,0
86.0,Oregon State U.,189606,,189368,,188056,,209061,,215400,,227752,,239571,,231342,,229456,,242874.0,,0
87.0,Carnegie Mellon U.,212506,,197143,,210619,,217667,,221376,,240956,,254992,,270898,,250497,,241829.0,,0
88.0,Florida State U.,185633,,189565,,182314,,195244,,208834,,216869,,208005,,224425,,231390,,237427.0,,0
89.0,"U. Texas Health Science Center, Houston",175154,,191724,,197252,,217623,,240772,,261172,,236250,,233256,,233737,,234299.0,,0
90.0,"U. Oklahoma, Norman and Health Science Center",178719,,176825,,192070,,197836,,201187,,223828,,217177,,220916,,227104,,227568.0,,0
91.0,George Washington U.,113982,,126110,,157145,,99945,,189113,,189427,,187652,,192152,,213334,,226132.0,,0
92.0,U. New Mexico,181223,,177430,,197630,,201769,,207906,,217206,,216218,,220840,,221817,,224321.0,,0
93.0,"SUNY, Stony Brook U.",234635,,268282,,189968,,188472,,201846,,206207,,218209,,224030,,210301,,219485.0,,0
94.0,Mississippi State U.,189917,,206207,,210951,,216936,,223032,,217793,,222320,,197359,,200251,,216817.0,,0
95.0,Woods Hole Oceanographic Institution,121888,,137410,,150720,,157289,,181746,,198775,,204352,,198232,,220016,,216592.0,,0
96.0,"U. California, Santa Barbara",174429,,191204,,203719,,215728,,217952,,217877,,222916,,225976,,225614,,213537.0,,0
97.0,Temple U.,79736,,85394,,92486,,101864,,115543,,122663,,126288,,207190,,206556,,210371.0,,0
98.0,Wayne State U.,220731,,235186,,249210,,251854,,248753,,252620,,221666,,217984,,213253,,207830.0,,0
99.0,Dartmouth C.,200277,,192846,,186938,,189351,,193608,,210274,,195251,,198995,,204360,,203660.0,,0
100.0,Medical C. Wisconsin,147140,,158171,,165529,,176237,,191816,,215358,,209040,,201237,,199713,,199283.0,,0
101.0,"U. Massachusetts, Amherst",135272,,141351,,152884,,156216,,164850,,176545,,178207,,172217,,183210,,197183.0,,0
102.0,Virginia Commonwealth U.,149256,,134453,,148655,,150989,,176422,,185566,,179310,,175880,,177540,,196412.0,,0
103.0,"U. South Carolina, Columbia",,,,,,,,,218771,,196820,,186559,,178800,,181363,,181742.0,,0
104.0,Kansas State U.,123746,,123900,,137543,,146310,,154888,,163494,,169863,,177525,,178304,,180082.0,,0
105.0,Utah State U.,138670,,140243,,146128,,143010,,147612,,172563,,155305,,156774,,167256,,173848.0,,0
106.0,U. Texas Medical Branch,179915,,183492,,180026,,184845,,188399,,193555,,180888,,180198,,178014,,173506.0,,0
107.0,Wake Forest U.,183129,,185609,,199915,,201204,,192034,,208460,,203730,,182721,,176380,,171538.0,,0
108.0,U. Notre Dame,78553,,77467,,97171,,97850,,104288,,121466,,143328,,156234,,160461,,171148.0,,0
109.0,"U. Texas Health Science Center, San Antonio",150040,,160282,,201323,,221535,,207115,,198655,,184298,,175983,,172716,,170277.0,,0
110.0,U. Central Florida,107996,,111595,,108067,,113433,,108662,,97309,,102562,,108560,,143063,,169770.0,,0
111.0,U. Delaware,114985,,118245,,125179,,124475,,147204,,160503,,161327,,170470,,169641,,167904.0,,0
112.0,"U. Tennessee, Knoxville",,,,,,,,,133877,i,151814,,165708,,175264,,170471,,166591.0,,0
113.0,Tufts U.,128965,,130826,,139528,,147903,,153113,,154760,,159140,,154694,,156411,,162510.0,,0
114.0,West Virginia U.,122134,,133590,,139770,,139592,,146944,,159206,,161961,,159865,,156946,,160560.0,,0
115.0,U. Louisville,135873,,151226,,148936,,146874,,162447,,166918,,165319,,160338,,163199,,160199.0,,0
116.0,Georgetown U.,118558,,137775,,142623,,147441,,155538,,164301,,171829,,170503,,162983,,157308.0,,0
117.0,North Dakota State U.,103778,,106208,,115513,,113214,,125294,,132717,,133874,,144069,,148352,,148934.0,,0
118.0,"U. California, Santa Cruz",114126,,124856,,135261,,144052,,136964,,149702,,149824,,145092,,147536,,147518.0,,0
119.0,"U. Nebraska, Medical Center",108012,,111751,,112887,,123629,,138219,,133036,,141619,,137485,,139126,,143999.0,,0
120.0,Rice U.,66564,,71435,,74254,,78745,,97288,,109197,,115235,,128621,,136419,,141935.0,,0
121.0,Tulane U.,114397,,137107,,153242,,155139,,151686,,154530,,154196,,151314,,148784,,140118.0,,0
122.0,"U. Alaska, Fairbanks",153470,,122268,,117854,,121019,,127808,,126691,,121640,,118907,,152352,,139605.0,,0
123.0,"U. California, Riverside",124820,,128057,,129605,,130187,,121541,,125902,,129609,,126916,,128506,,136493.0,,0
124.0,"Auburn U., Auburn",,,,,,,,,143874,,161785,,130222,,143545,,140110,,132970.0,,0
125.0,U. Arkansas for Medical Sciences,107871,,108551,,117440,,106314,,119518,,122066,,129056,,133677,,131438,,132451.0,,0
126.0,U. New Hampshire,115117,,114228,,113877,,107860,,103801,,128348,,152276,,134535,,130951,,130700.0,,0
127.0,Texas Tech U.,58591,,57878,,57902,,77895,,106220,,114648,,105147,,114506,,125126,,128554.0,,0
128.0,New Mexico State U.,164994,,148120,,138427,,149798,,146364,,137301,,135214,,136254,,129124,,127000.0,,0
129.0,"Oklahoma State U., Stillwater",,,,,,,,,147094,,162786,,166523,,134500,,126543,,126607.0,,0
130.0,U. Houston,75662,,73542,,84490,,99262,,106646,,98231,,105844,,112469,,122163,,125973.0,,0
131.0,Florida International U.,63567,,90903,,95706,,91278,,92250,,97804,,83639,,92463,,107487,,124631.0,,0
132.0,Drexel U.,96687,,96575,,100911,,102366,,115458,,109729,,112390,,118754,,124464,,122366.0,,0
133.0,Clemson U.,179840,,211760,,195195,,186383,,144562,,135681,,110493,,116138,,116871,,120858.0,,0
134.0,"U. Arkansas, Fayetteville",99271,,101109,,102784,,105446,,104336,,110310,,111502,,112296,,111703,,120679.0,,0
135.0,Thomas Jefferson U.,106986,,107288,,99275,,101188,,103064,,104923,,100506,,89273,,118378,,119631.0,,0
136.0,Northeastern U.,66495,,71502,,59911,,61309,,74998,,81230,,102911,,111134,,111779,,115664.0,,0
137.0,U. Vermont,121841,,113195,,115421,,122558,,129612,,132107,,115569,,115055,,109343,,114090.0,,0
138.0,"SUNY, U. Albany",274354,,309221,,270414,,340259,,356517,,146987,,135673,,135879,,129434,,110284.0,,0
139.0,Rensselaer Polytechnic Institute,70576,,77238,,77295,,77890,,83601,,84346,,92348,,92365,,104844,,102122.0,,0
140.0,"Montana State U., Bozeman",112428,,116999,,120155,,115045,,124227,,114244,,113235,,103144,,104646,,98467.0,,0
141.0,New Jersey Institute of Technology,77583,,88699,,89792,,92891,,81240,,89250,,91407,,97088,,94371,,96386.0,,0
142.0,U. Idaho,86863,,83390,,81532,,88242,,85475,,94345,,95327,,93941,,92512,,95459.0,,0
143.0,U. Dayton,69080,,74005,,81275,,93496,,91943,,89037,,79877,,82349,,83409,,93319.0,,0
144.0,"U. Texas, Dallas",44198,,46477,,59300,,61214,,75236,,89767,,83124,,93582,,94961,,92374.0,,0
145.0,George Mason U.,50381,,58252,,72542,,78487,,77966,,80284,,79913,,82849,,85493,,89845.0,,0
146.0,U. Mississippi,93471,,108244,,90095,,90677,,100712,,113281,,109897,,98354,,97286,,89707.0,,0
147.0,U. Rhode Island,70696,,76237,,77457,,83375,,84523,,101202,,97845,,94381,,84393,,86139.0,,0
148.0,"U. Alabama, Huntsville",59231,,70027,,65396,,71365,,73266,,72988,,83076,,96932,,85994,,84745.0,,0
149.0,Cold Spring Harbor Laboratory,ne,,ne,,ne,,ne,,ne,,89913,,84072,,78236,,76733,,84653.0,,0
150.0,"U. Nevada, Reno",98917,,95809,,102073,,106378,,94420,,86372,,83137,,85085,,81028,,83385.0,,0
151.0,Georgia State U.,52690,,51387,,77709,,60557,,61971,,54221,,62188,,79235,,80955,i,79813.0,,0
152.0,Rush U.,83194,,84370,,89513,,96975,,73398,,79212,,80300,,81770,,80551,,79048.0,,0
153.0,U. Maine,93153,,96135,,95042,,100580,,106238,,111129,,91673,,77169,,100493,,78608.0,,0
154.0,"U. Texas, El Paso",32161,,39965,,48906,,56635,,64134,,67576,,72033,,73005,,70475,,77515.0,,0
155.0,San Diego State U.,73777,,65810,,69974,,79190,,95064,,91789,,75670,,69338,,77474,,76131.0,,0
156.0,"U. Texas, Arlington",29267,,32734,,43005,,51673,,62410,,60003,,64684,,72571,,74261,,74702.0,,0
157.0,Naval Postgraduate School,56780,,63392,,83314,,76860,,96067,,95153,,124531,,89616,,91400,,74293.0,,0
158.0,"SUNY, Binghamton U.",29635,,35462,,59017,,66050,,66512,,65816,,73098,,67892,,63960,,70367.0,,0
159.0,Brandeis U.,57017,,56831,,49797,,62228,,67672,,71638,,69489,,69398,,67048,i,68690.0,i,0
160.0,"U. Maryland, Baltimore County",65718,,66968,,66802,,75571,,81894,,83155,,65628,,62887,,64329,,67944.0,,0
161.0,Georgia Regents U.,na,,na,,na,,na,,na,,na,,na,,64033,,64116,,67736.0,,0
162.0,"U. Tennessee, Knoxville, Institute of Agriculture",,,,,,,,,59212,i,62786,,68480,,67887,,67171,,67059.0,,0
163.0,Michigan Technological U.,43081,,55294,,58763,,58356,,60183,,66812,,67977,,66192,,64791,,66135.0,,0
164.0,"U. Tennessee, Health Science Center",,,,,,,,,81900,i,81216,,77749,,71897,,67841,,65771.0,,0
165.0,U. Oregon,57153,,61694,,67378,,75869,,83545,,87161,,87656,,78654,,77655,,65226.0,,0
166.0,U. North Dakota,56074,,63036,,65027,,71656,,76262,,74636,,79792,,68636,,67199,,63590.0,,0
167.0,"U. Montana, Missoula",52903,,55755,,58032,,59505,,62814,,59617,,58735,,59809,,54808,,60282.0,,0
168.0,Ohio U.,38000,,38671,,38108,,41256,,44428,,43399,,42798,,44746,,58238,i,57786.0,i,0
169.0,"Southern Illinois U., Carbondale",74520,,64703,,67094,,66316,,69924,,71130,,71097,,70854,,65256,,57509.0,,0
170.0,"U. Massachusetts, Lowell",27635,,34824,,36486,,52431,,55120,,55257,,53980,,51465,,52595,,57435.0,,0
171.0,South Dakota State U.,33275,,39033,,47758,,55334,,67269,,69646,,68554,,63751,,58199,,57433.0,,0
172.0,Colorado School of Mines,28729,,29939,,34050,,40117,,43403,,45816,,55925,,57778,,58498,,57425.0,,0
173.0,Cleveland State U.,14496,,15948,,14131,,13424,,33857,,55044,,60481,,67137,,61291,,56683.0,i,0
174.0,U. Wisconsin-Milwaukee,34033,,40023,,41285,,44115,,58417,,56845,,52271,,47568,,51316,,55883.0,,0
175.0,"U. Louisiana, Lafayette",47308,,52075,,58667,,68018,,57333,,56313,,51873,,52089,,59068,,55250.0,,0
176.0,U. Wyoming,89414,,79700,,74720,,77633,,53957,,55320,,63812,,63149,,48736,,54928.0,,0
177.0,U. Akron,28440,,27138,,27182,,34507,,47558,,52881,,59765,,62331,,64270,,54089.0,,0
178.0,Wright State U.,47711,,49713,,47770,,48153,,48396,,47795,,45901,,49760,,54456,,53881.0,,0
179.0,C. of William and Mary and Virginia Institute of Marine Science,52025,,49854,,55090,,51169,,51453,,48835,,46547,,48183,,49428,,52642.0,,0
180.0,"CUNY, City C.",30316,,32840,,34452,,36368,,45050,,56734,,56618,,54316,,52072,,51905.0,,0
181.0,"U. Alabama, Tuscaloosa",35129,,36382,,32846,,36508,,39992,,52601,,52021,,49728,,47920,,51555.0,,0
182.0,"Indiana U.-Purdue U., Indianapolis",,,,,,,,,290490,,314004,,308101,,325562,,316650,,51479.0,,0
183.0,"U. Texas, San Antonio",30259,,30542,,33106,,43818,,51480,,50496,,48700,,48599,,42318,,50012.0,,0
184.0,Wichita State U.,31873,,47398,,47853,,65988,,51068,,51862,,50108,,52831,,53614,,49902.0,,0
185.0,Syracuse U.,44208,,43978,,47481,,60033,,76808,,56598,,56192,,48195,,48034,,49384.0,,0
186.0,"U. Maryland, Center for Environmental Science",40146,,40720,,40556,,41670,,42670,,50007,,48224,,53683,,50814,,49341.0,,0
187.0,Old Dominion U.,49966,,52134,,66538,,71909,,76710,,80696,,79305,,76187,,52832,,48418.0,,0
188.0,U. Toledo,30493,,52448,,59583,,66136,,66839,,70164,,63348,,63119,,56710,,48391.0,,0
189.0,"U. California, Office of the President",128770,,118910,,100034,,83006,,72542,,63420,,65627,,67447,,50103,,48233.0,,0
190.0,"Loyola U., Chicago",37669,,34940,,34568,,35126,,42120,,40994,,44785,,50150,,48996,,47000.0,,0
191.0,"Louisiana State U., Health Sciences Center – New Orleans",79927,,91498,,59473,,58237,,59776,,57007,,53712,,49443,,45486,,46840.0,,0
192.0,"U. North Texas, Health Science Center",25124,,28187,,28179,,29582,,38862,,45943,,46865,,44904,,47002,,46335.0,,0
193.0,Howard U.,36465,,38020,,36419,,32884,,38626,,41471,,44587,,41351,,38366,,45764.0,,0
194.0,"U. Puerto Rico, Medical Sciences Campus",38424,,38863,,35570,,34869,,39134,,64017,,45649,,43374,,40444,,43316.0,,0
195.0,Eastern Virginia Medical School,33013,,31453,,30777,,36678,,44420,,36569,,37745,,44183,,43917,,42296.0,,0
196.0,U. Southern Mississippi,39163,,47135,,47088,,46744,,41480,,45207,,54151,,44912,,45127,,41432.0,,0
197.0,Saint Louis U.,48133,,54265,,56644,,37983,,46589,,52134,,48303,,47174,,42316,,40831.0,,0
198.0,Van Andel Institute,ne,,ne,,ne,,ne,,ne,,ne,,ne,,ne,,ne,,40502.0,i,0
199.0,San Jose State U.,34687,,34241,,38521,,39339,,32947,,34075,,29554,,32100,,36354,,39833.0,,0
200.0,"U. Nevada, Las Vegas",57031,,56034,,50775,,39148,,42202,,37711,,33130,,34299,,38229,,39564.0,,0
201.0,"Texas Tech U., Health Sciences Center",22013,,21006,,24716,,37363,,51282,,58774,,61219,,61309,,36932,,39261.0,,0
202.0,U. South Alabama,19308,,25883,,28466,,29197,,30012,,36975,,34194,,34737,,33994,,38245.0,,0
203.0,"U. North Texas, Denton",14819,,14207,,15932,,19552,,22762,,34421,,40796,,43342,,39453,,38001.0,,0
204.0,U. Memphis,43715,,44359,,43183,,45747,,40589,,39315,,41841,,39306,,44351,,37539.0,,0
205.0,Portland State U.,28763,,26025,,27007,,35030,,40203,,41692,,40939,,38785,,39134,,36355.0,,0
206.0,Rochester Institute of Technology,22107,,20961,,24018,,28955,,33537,,29709,,31893,,32199,,31471,,36030.0,,0
207.0,U.S. Air Force Academy,10547,,14504,,44297,,48641,,54509,,70285,,43512,,49471,,41539,i,35157.0,,0
208.0,Missouri U. of Science and Technology,37384,,30395,,36477,,35466,,37259,,36325,,33797,,35400,,38509,,35144.0,,0
209.0,Northern Arizona U.,27632,,26566,,25820,,26183,,27281,,28581,,27078,,30134,,30903,,34731.0,,0
210.0,North Carolina Agricultural and Technical State U.,23698,,24044,,28781,,28540,,35216,,34725,,33963,,33251,,34160,,34514.0,,0
211.0,Worcester Polytechnic Institute,14483,,13409,,14912,,14663,,17154,,20647,,18558,,23780,,26544,,33910.0,,0
212.0,Illinois Institute of Technology,22646,,22955,,22538,,23347,,34348,,40199,,32148,,36426,,30938,,33810.0,,0
213.0,Lehigh U.,33469,,36537,,37156,,33169,,34897,,29639,,28949,,31003,,32860,,33693.0,,0
214.0,"CUNY, Hunter C.",31308,,27046,,30402,,33267,,35751,,35645,,36085,,36741,,35702,,33483.0,,0
215.0,Morehouse School of Medicine,28378,,27886,,27077,,27392,,30669,i,33946,,37586,,36638,i,41858,,33367.0,,0
216.0,Stevens Institute of Technology,25848,,25684,,27317,,25116,,32230,,39973,,29893,,26788,,28917,,33042.0,,0
217.0,Mercer U.,19529,,18096,,19624,,21858,,26862,,28998,,31352,,28876,,30162,,32771.0,,0
218.0,"SUNY, Upstate Medical U.",37181,,39699,,36359,,33194,,43824,,39988,,35897,,34286,,33460,,32453.0,,0
219.0,"Brigham Young U., Provo",25973,,26653,,25664,,25497,,27766,,29980,,26499,,30076,,30797,,31849.0,,0
220.0,Florida A&M U.,34293,,16541,,24012,,25651,,30282,,33719,,31375,,33538,,29895,,31676.0,,0
221.0,"U. Massachusetts, Boston",21056,,25952,,30272,,36637,,39387,,31864,,28869,,29875,,30021,,30305.0,,0
222.0,Boise State U.,7848,,10947,,11222,,11955,,18045,,23519,,26885,,24027,,25351,,29955.0,,0
223.0,Texas State U.,7034,,7890,,11792,,15742,,19496,,19243,,24285,,26671,,25910,,29934.0,,0
224.0,"SUNY, Downstate Medical Center",31064,,29809,,32299,,29184,,32512,,41993,,43257,,39354,,33331,,28652.0,,0
225.0,"U. California, Merced",7527,,10945,,16802,,21421,,20730,,20307,,21826,,21730,,22612,,28278.0,,0
226.0,Alabama A&M U.,14431,,13672,,8959,,14752,,30297,,28813,i,28573,i,28335,i,28095,i,27855.0,i,0
227.0,"U. Puerto Rico, Mayaguez",21080,,19813,,20094,i,20375,,25536,,33509,,31143,,28041,,25920,,26986.0,,0
228.0,"U. Minnesota, Duluth",,,,,,,,,20237,,22301,,20863,,20818,,21122,,26958.0,,0
229.0,"U. Puerto Rico, Rio Piedras",21609,,21379,,34674,,30433,,27780,,30139,,31877,,26755,,26656,,26544.0,,0
230.0,Air Force Institute of Technology,18783,,16801,,20497,,26761,,28318,,30090,,30609,,26234,,23335,,26323.0,,0
231.0,East Carolina U.,14061,,15970,,16192,,24177,,23370,,25727,,29468,,36425,,29169,,26248.0,,0
232.0,New Mexico Institute of Mining and Technology,73792,,83742,,79437,,81742,,51696,,43857,,37875,,32442,i,48260,,26222.0,,0
233.0,San Francisco State U.,27333,,20069,,21191,,25065,,24959,,25772,,29447,,31948,,28710,,26178.0,,0
234.0,Boston C.,35659,,39261,,40796,,41132,,36960,i,30446,,30436,,30700,,28326,,26123.0,,0
235.0,Kent State U.,11076,,19001,,23293,,25050,,24616,,24388,,23353,,19962,,21785,,25917.0,,0
236.0,Loma Linda U.,32451,,28020,,35890,,37557,,32915,,37169,,29762,,29799,,23120,,25417.0,,0
237.0,American U.,2410,,6109,,9263,,16848,,16809,,18212,,18404,,23794,,38038,,25350.0,,0
238.0,Tuskegee U.,11651,,14329,,14963,,16706,,14258,,14321,,13188,,17094,,24066,i,24441.0,i,0
239.0,U. Tulsa,12358,,14735,,14270,,12525,,22690,,18703,,19895,,21186,,26460,,24135.0,,0
240.0,"U. Missouri, Kansas City",26016,,26870,,27509,,27500,,24461,,27000,,23902,,23521,,26452,,24097.0,,0
241.0,"Louisiana State U., Health Sciences Center - Shreveport",ne,,ne,,33458,,31293,,30817,,31021,,29365,,28266,,25004,,24069.0,,0
242.0,"U. Massachusetts, Dartmouth",19171,,19538,,20431,,19343,,24312,,23708,,21556,,25559,,25879,,23875.0,,0
243.0,Catholic U. of America,17662,,19919,,20375,,19729,,20871,,24933,,24275,,22795,,22009,,23817.0,,0
244.0,Texas A&M U.-Corpus Christi,12654,,11933,,11662,,13279,,15034,,15146,,13626,,15161,,19058,,22985.0,,0
245.0,"Columbia U., Teachers C.",11411,,12585,,15198,,16919,,15149,,17459,,19829,,18538,,19457,,22359.0,,0
246.0,Creighton U.,25615,,28374,,26872,,27104,,25432,i,28907,,29911,i,27709,i,24073,i,22228.0,i,0
247.0,Jackson State U.,38273,,36888,,42739,,44884,,38114,,39867,,38027,,32119,,24132,,22163.0,,0
248.0,Desert Research Institute,38511,,40238,,38045,,36490,,34367,,35331,,33056,,27695,,23778,,22077.0,,0
249.0,"SUNY, C. of Environmental Science and Forestry",17954,i,23854,,26359,,20513,,26916,,25007,i,23117,i,21225,i,19013,i,22036.0,,0
250.0,"U. North Carolina, Charlotte",18463,,22165,,21869,,24814,,28216,,24323,,22504,,21744,,20646,,21836.0,,0
251.0,U. South Dakota,22613,,21473,,22742,,29417,,27511,,25321,,27060,,30364,,27367,,21671.0,,0
252.0,Baylor U.,6133,,8951,,9867,,11427,,8452,,10277,,8184,,11877,,17877,,20721.0,,0
253.0,Southern Methodist U.,12475,,13381,,19530,,14338,,16121,,22008,,20917,,17972,,24443,,20538.0,,0
254.0,Marquette U.,10445,,9744,,10373,,10275,,13124,,16525,,15208,,16257,,17267,,19985.0,,0
255.0,"Rutgers, State U. New Jersey, Newark",,,,,,,,,25953,,31714,,31287,,29110,,23235,,19913.0,,0
256.0,Marshall U.,18385,,22519,,22423,,22437,,24398,,26268,,18998,,19607,,20154,,19835.0,,0
257.0,Florida Atlantic U.,28896,,38598,,41788,,44334,,41896,,47027,,46782,,22594,,21760,,19718.0,,0
258.0,U. of the Virgin Islands,17495,,17842,,18099,,22019,,31272,,21373,i,24543,i,18374,i,14732,i,19456.0,,0
259.0,Tennessee State U.,14096,,12475,,12090,,12202,,11253,,11961,,14108,,15149,,19437,,19208.0,,0
260.0,"CUNY, Queens C.",7432,,9186,,11377,,12768,,16233,,22831,,22067,,18601,,22053,,18332.0,,0
261.0,"Southern Illinois U., Edwardsville",23737,,26904,,30333,,31795,,30958,,33318,,25608,,24594,,17215,,18248.0,,0
262.0,"Texas Tech U., Health Sciences Center, El Paso",ne,,ne,,ne,,ne,,ne,,ne,,ne,,ne,,22634,,18186.0,,0
263.0,Texas A&M U.-Kingsville,13343,,13794,,13519,,14630,,14213,,14572,,14824,,15308,,18371,,18170.0,,0
264.0,Albany Medical C.,16227,,15029,,15108,,17776,,22953,,20876,,17735,,15093,,16093,,18043.0,,0
265.0,Louisiana Tech U.,15276,,14166,,19406,,18060,,20752,,21641,,20265,,18983,,17088,,17744.0,,0
266.0,New York Medical C.,34397,,34365,,31644,,30584,,28400,,27316,,23277,,20243,,17908,,17653.0,,0
267.0,Idaho State U.,16754,,19887,,20728,,20524,,19234,,21047,,20764,,21476,,19962,,17540.0,,0
268.0,Northeast Ohio Medical U.,5294,,4984,,9165,,10077,,10819,,13581,,13358,,12722,,15916,,17103.0,,0
269.0,U. New Orleans,23897,,25625,,24783,,25382,,25932,,23290,,22275,,19790,,17182,,16980.0,,0
270.0,"U. North Carolina, Greensboro",6059,,6130,,7876,,10394,,12818,,16230,,12590,,12629,,15735,,16673.0,,0
271.0,Rosalind Franklin U. of Medicine and Science,10981,,12199,,12128,,13375,,12426,,14261,,15587,,17401,,17794,,16604.0,,0
272.0,"California State U., Sacramento",212,i,183,,4386,,11734,,11673,,13822,,12056,,12444,,11783,,16585.0,,0
273.0,Georgia Southern U.,1812,,1789,,1511,,1656,,3164,,3505,,5185,,17287,,19584,,16456.0,,0
274.0,Delaware State U.,7016,,7418,,8052,,9335,,14723,,17993,,15416,,17260,,17654,,15964.0,,0
275.0,"California Polytechnic State U., San Luis Obispo",12529,,14517,,14866,,19420,,19148,,15489,,15939,,15098,,14648,,15666.0,,0
276.0,"U. Alaska, Anchorage",8844,,7031,,7644,,8533,,11328,,12380,,13004,,13022,,15112,,15396.0,,0
277.0,Oakland U.,9169,,8872,,9465,,10464,,11796,,14725,,15439,,14033,,12515,,15015.0,,0
278.0,South Dakota School of Mines and Technology,12589,,14480,,16503,,14373,,28572,,32010,,18991,,12156,,10472,,14970.0,,0
279.0,Miami U.,19229,,23729,,25052,,29808,,14561,,14795,,21151,,17875,i,16035,,14904.0,,0
280.0,Hampton U.,28705,,24017,,21089,,12824,,14455,,12292,,15290,,12620,,11153,,14767.0,,0
281.0,Nova Southeastern U.,6445,,6697,,7545,,8872,,9740,,11912,,12599,,12415,,13532,,14439.0,,0
282.0,"U. Hawaii, Hilo",7843,,7926,,6916,,9595,,11567,,5927,,14841,,11607,,9242,,14431.0,,0
283.0,"California State U., San Bernardino",11120,,8323,,9703,,8281,,2630,i,7266,,7472,,10872,,12572,,14342.0,,0
284.0,Charles R. Drew U. of Medicine and Science,47188,,52118,,49224,,57604,,22152,,22150,,20580,,18250,,20686,,14128.0,,0
285.0,Meharry Medical C.,32878,,33218,,34152,,26587,,27001,,29055,,25559,,22532,,18997,,13998.0,,0
286.0,Duquesne U.,8345,,8850,,9542,,10066,,12078,,13603,,12858,,12385,,13019,,13767.0,,0
287.0,Northern Illinois U.,16627,,16710,,14948,,20644,,23353,,17672,,18147,,18866,,15165,i,13660.0,,0
288.0,Morgan State U.,13523,,11257,,12336,,12351,,12768,,12544,,17470,,14942,,15337,,13406.0,,0
289.0,Western Michigan U. and Homer Stryker M.D. School of Medicine,18005,,17182,,14617,,13301,,14432,,15875,,13546,,12821,,13500,,13375.0,,0
290.0,Clarkson U.,16143,,16976,,17654,,14929,,18289,,17772,,14787,,12009,,13642,,13194.0,,0
291.0,"U. North Carolina, Wilmington",13609,,17064,,20100,,16423,,20618,,19961,,17015,,15490,,12212,,13166.0,,0
292.0,U.S. Military Academy,7722,i,8167,,10123,,9432,,19763,i,12314,,11702,,11612,,13247,,13135.0,,0
293.0,Prairie View A&M U.,11444,,12019,,10786,,11545,,12557,,15226,,14523,,13174,,12248,,12932.0,,0
294.0,Villanova U.,9473,i,10473,,9484,,9919,i,9191,i,9281,i,7831,i,6931,i,11645,,12208.0,,0
295.0,"U. Texas Health Science Center, Tyler",ne,,ne,,ne,,ne,,ne,,ne,,ne,,ne,,ne,,12191.0,,0
296.0,"California State U., Northridge",7490,,12412,,12793,,12486,,16747,,9795,,15619,,9466,,12628,,12053.0,,0
297.0,Montana Tech of U. Montana,6372,,5537,,6051,,5951,,7424,,6705,,11765,,11059,,11348,,11595.0,,0
298.0,Embry-Riddle Aeronautical U.,10628,i,7930,,6864,,10899,,12189,,10705,,14225,,11575,,14741,,11528.0,,0
299.0,Florida Institute of Technology,7684,,6985,,8642,,10389,,11427,,9749,,9187,,9195,,10564,i,11201.0,,0
300.0,Humboldt State U.,6500,,7087,,8808,,10301,,7505,,9520,,9464,,7999,,8242,,11173.0,,0
301.0,U. Southern Maine,20045,,34799,,27232,,20957,,3125,,7236,,13682,,11527,,11516,i,11164.0,i,0
302.0,North Carolina Central U.,6597,,4337,,6323,,5379,,6870,,9043,,10573,,8190,,10158,,10971.0,,0
303.0,U. Denver,10581,,9833,,11029,,12560,,12348,,13018,,11575,,12716,,11216,,10614.0,,0
304.0,"U. Missouri, Saint Louis",11713,,10907,,12297,,12995,,10050,,12344,,12840,,13156,,14632,,9991.0,,0
305.0,Clark Atlanta U.,11155,,8543,,7486,,7861,,8515,,8205,,10405,,9156,,9172,,9929.0,,0
306.0,Tennessee Technological U.,9575,,12226,,11742,,13959,,16152,,11809,,9138,,8705,,9410,,9804.0,,0
307.0,Claremont Graduate U.,3100,,3121,,3482,,4275,i,5068,,1100,,6200,,7030,,6886,i,9755.0,i,0
308.0,Central Michigan U.,4033,,4512,,4580,,2870,,3229,,5865,,8190,,9996,,11506,,9725.0,,0
309.0,"U. Maryland, Eastern Shore",4454,,3408,,5917,,7504,,8692,,8664,,7265,,8786,,8982,,9631.0,,0
310.0,U.S. Naval Academy,6850,,7973,,8849,,10468,,11093,,10543,,9156,,10476,,10661,,9609.0,,0
311.0,Xavier U. Louisiana,3982,,4394,,5253,,5690,,8022,,9836,,10606,,8789,,9335,,9588.0,,0
312.0,U. Texas Pan American,5006,,5217,,5865,,6929,,7116,,7258,,6441,,7191,,10225,,9544.0,,0
313.0,Alcorn State U.,6593,,9056,,11665,,13064,,10280,,11397,,11515,,11315,,10060,,9396.0,,0
314.0,Dillard U.,2123,i,2846,,1962,,4059,,3707,,5577,i,7448,,7692,,6907,,9385.0,,0
315.0,South Carolina State U.,3796,,3796,,7608,,8535,,7166,,8157,i,9149,,6674,i,7838,i,9002.0,i,0
316.0,Tarleton State U.,8069,,9151,,8857,,10804,,9931,,9720,,8646,,7854,,9961,,8956.0,,0
317.0,Midwestern U.,2786,,2358,,2697,,3457,,3596,,4022,,5200,,6292,,7310,,8560.0,,0
318.0,"CUNY, Brooklyn C.",4621,,4960,,4056,,4696,,6266,,8706,,8485,,7631,,8232,,8553.0,,0
319.0,DePaul U.,3957,,2839,,2675,,3215,,4302,,5256,,5344,,4828,,5681,,8506.0,,0
320.0,"U. Arkansas, Pine Bluff",6774,,5831,,7238,,7422,,8343,,9415,,9073,,8909,,8198,,8425.0,,0
321.0,"Arkansas State U., Jonesboro",6007,,7494,,6816,,8622,,11043,,13339,,14064,,10320,,7956,,8391.0,,0
322.0,Langston U.,4416,,4405,,4025,,4114,,4492,,5206,,5326,,4932,,8512,,8126.0,,0
323.0,"California State U., Long Beach",10322,,13867,,14971,,12665,,14762,,14006,i,13250,i,12494,,9746,,8108.0,,0
324.0,Rowan U.,4581,,4772,,4658,,4219,,2610,,3185,,3657,,2729,,8118,,7921.0,,0
325.0,Virginia State U.,8189,,8170,,8282,,9056,,6907,,8094,,10060,,9213,,8175,,7657.0,,0
326.0,Western Washington U.,6453,,6371,,6240,,6564,,6630,,7738,,6501,,6577,,6768,,7619.0,,0
327.0,Ponce Health Sciences U.,7654,,9103,,7686,,7085,,8934,,10502,,11586,,7241,,5710,,7520.0,,0
328.0,West Virginia State U.,2467,,2765,,4016,,4017,,3770,,4176,,5087,,4467,,6689,,7364.0,,0
329.0,U. New England,1528,,2154,,1743,,2162,,3560,,4016,,5217,,6637,,7456,,7360.0,,0
330.0,C. Charleston,5719,,5308,,5397,,4941,,11422,,6446,,7217,,8078,,7121,,7327.0,,0
331.0,"California State U., Fresno",9749,,5297,,7967,,9837,,8117,,8296,,8283,,7117,,7303,,7248.0,,0
332.0,Grand Valley State U.,3375,,4414,,6178,,3846,,4968,,6296,i,7624,i,8954,,7934,,7213.0,,0
333.0,"U. Michigan, Dearborn",,,,,,,,,6377,,7025,,5720,,6419,,7744,,7179.0,,0
334.0,U. Central del Caribe,8790,,9446,,8243,,7484,,7122,,7515,,7313,,7095,,7181,,6964.0,,0
335.0,Western Kentucky U.,8701,,10402,,8425,,8516,,9527,,8003,,10259,,8744,,7398,,6936.0,,0
336.0,Fisk U.,6000,,6000,,2851,,5265,,7686,,4631,,4058,,5429,i,7366,,6801.0,i,0
337.0,"U. Nebraska, Omaha",8623,,7379,,5884,,6270,,6783,,7903,,7536,,7966,,7640,,6688.0,,0
338.0,Bryn Mawr C.,4254,,3881,,2974,,4822,,4482,,4807,,6247,,5429,,5329,,6369.0,,0
339.0,Clark U.,5304,,4899,,5120,,6072,,5237,,6032,,7041,,5481,,5644,,6357.0,,0
340.0,Fordham U.,6033,,5908,,6844,,6637,,5212,,4494,,5624,,6704,,7086,,6352.0,,0
341.0,Wesleyan U.,8170,,7878,,7076,,6170,,7599,,9356,,8162,,7280,,6017,,6330.0,,0
342.0,"Lincoln U., Jefferson City",5395,,5573,,6263,,8011,,8475,,8518,,7899,,6585,,6742,,6296.0,,0
343.0,"U. Arkansas, Little Rock",9331,,9598,i,9866,,9269,,9754,,11320,,10245,,11994,,7055,,6276.0,,0
344.0,Bowling Green State U.,9912,,9120,,10712,,8396,,8030,,8834,,8426,,12808,,8630,,6263.0,,0
345.0,East Tennessee State U.,7943,,8020,,8237,,9189,,9185,,9496,,10657,,8506,,6954,,6173.0,,0
346.0,Kentucky State U.,3340,,3548,,4671,,5189,,4887,,4559,,6843,,5580,,5694,,6017.0,,0
347.0,U. Colorado Colorado Springs,4509,,6383,,7908,,7127,,8805,,6935,,3996,,3688,,4312,,5962.0,,0
348.0,U. Guam,7604,,7059,,6106,,5834,,5555,,5477,,5975,,5873,,6790,,5919.0,,0
349.0,Morehouse C.,6008,,5445,,5021,,6993,,7704,,8280,i,8856,,9169,,6973,,5836.0,,0
350.0,"U. Texas, Brownsville",ne,,ne,,5500,,5654,,6369,,6959,,7657,,9780,,7400,,5802.0,,0
351.0,Wellesley C.,4032,,4634,,4561,,4715,,5271,,4130,,5253,,6156,,6537,,5653.0,,0
352.0,"California State U., Monterey Bay",4107,,7032,,5784,,4940,,5305,,6959,,6567,,6129,,4780,,5459.0,,0
353.0,"Purdue U., Calumet",,,,,,,,,3687,,3725,,3481,,3090,,3886,,5344.0,,0
354.0,"California State U., Fullerton",4522,,4311,,6096,,7507,,11147,,14330,,11094,,10230,,7104,,5318.0,,0
354.0,"U. Tennessee, Chattanooga",7592,,5532,,6678,,6293,,8786,,7308,,8865,,5928,,4627,,5318.0,,0
356.0,New School,6950,,7795,,2703,,3060,,3167,,3277,,3695,,5919,,3843,,5254.0,,0
357.0,U. West Florida,4429,,4840,,4337,,3274,,4079,,3551,,2559,,4004,,5080,,5180.0,,0
358.0,Norfolk State U.,5144,,6491,,7893,,6878,,5944,,6930,,8336,,6179,,6780,,5122.0,,0
359.0,Texas Christian U.,4090,,3924,,3568,,4318,,3815,,3841,,5105,,5342,,5132,,5095.0,,0
360.0,Alfred U.,6347,,5474,,5478,,3953,,4181,,5946,,5377,,6014,,4156,,5064.0,,0
361.0,Illinois State U.,4874,,4831,,6111,,5397,,5622,,5492,,4852,,5155,,5212,,5042.0,,0
362.0,Southern Connecticut State U.,2295,i,1918,,3448,,2273,,0,,899,i,618,i,1201,i,4548,i,5036.0,i,0
363.0,Smith C.,3884,,3498,,4237,,4390,,4215,,4156,,3777,,3688,,4047,,5006.0,,0
364.0,National Defense U.,ne,,ne,,ne,,ne,,ne,,ne,,ne,,4906,,6712,,4832.0,,0
365.0,Ball State U.,8625,,7913,,8464,,6621,,4780,,9159,,4701,,3616,,4364,,4810.0,,0
366.0,"Southern U. and A&M C., Agricultural Research and Extension Center",ne,,ne,,ne,,ne,,ne,,6143,,8122,,5530,,5606,,4761.0,,0
367.0,U. Metropolitana,298,,248,,505,,597,,1248,,1740,,8092,,6016,,4764,,4747.0,,0
368.0,"California State U., San Marcos",ne,,ne,,670,,4559,,5049,,5044,i,5040,i,5034,,4470,i,4637.0,,0
369.0,Milwaukee School of Engineering,2933,,3740,,4156,,4245,,3944,,4347,,4599,,4351,,4410,,4524.0,,0
370.0,"California State Polytechnic U., Pomona",2502,,2466,,1750,,1682,,4040,,4737,,4599,,6702,i,5349,,4513.0,,0
371.0,"California State U., Los Angeles",8956,,10053,,8957,,8186,,7178,,8682,,6876,,7192,,4881,,4461.0,,0
371.0,Williams C.,4074,,3983,,4084,,4907,,4691,,4165,,4080,,3127,,3213,,4461.0,,0
373.0,"Rutgers, State U. New Jersey, Camden",,,,,,,,,2573,,2792,,2278,,4923,,4691,,4440.0,,0
374.0,Fort Valley State U.,2570,,2610,,3311,,3262,,4586,,3850,,3665,,3688,,4547,,4320.0,,0
375.0,U. Wisconsin-Stevens Point,2335,,3077,,3233,,3921,,6674,,6063,i,5452,,4300,,4354,i,4261.0,i,0
376.0,St. Edward's U.,ne,,ne,,ne,,ne,,ne,,3299,,2480,,2640,,1745,,4200.0,,0
377.0,"U. North Carolina, general administration",ne,,ne,,ne,,ne,,ne,,ne,,ne,,ne,,ne,,4197.0,,0
378.0,Salisbury U.,ne,,ne,,ne,,ne,,844,,880,,2689,,2587,,3677,,4180.0,,0
379.0,"CUNY, Graduate Center",3913,,4380,,6579,,8226,,6799,,4964,,6861,,8835,,5719,,4144.0,,0
380.0,U. Baltimore,7856,,1169,,4700,,5295,,3606,,4452,,3894,,3865,,3951,,4091.0,,0
381.0,"Southern U. and A&M C., Baton Rouge",4350,,5590,,6701,,6865,,6865,,6819,i,6773,,4727,,3153,,4054.0,,0
382.0,"Indiana U.-Purdue U., Fort Wayne",,,,,,,,,4832,,5206,,4563,,5080,,4348,,4013.0,,0
383.0,Azusa Pacific U.,ne,,ne,,ne,,ne,,ne,,3414,i,1930,i,ne,,ne,,3953.0,,0
384.0,MGH Institute of Health Professions,ne,,ne,,ne,,ne,,ne,,587,,ne,,ne,,ne,,3931.0,,0
385.0,West Texas A&M U.,4523,,4638,,5008,,5366,,5741,,4307,,4346,,4122,,3663,,3924.0,,0
386.0,Stephen F. Austin State U.,8171,,6957,,6742,,7271,,7536,,4664,,3370,,2877,,3207,,3920.0,,0
387.0,"SUNY, C. of Optometry",1913,,2231,,2238,,2670,,3529,,3738,,3466,,3637,,3481,,3906.0,,0
388.0,Bucknell U.,2841,,1744,,2193,,3850,,5169,,4618,,3623,,3867,,4143,,3790.0,,0
389.0,James Madison U.,4799,,5455,,5235,,5305,,6858,,7075,,8428,,5539,,4516,,3700.0,,0
390.0,"Pennsylvania State U., Behrend",,,,,,,,,2500,,2724,,3169,,3041,,4156,,3614.0,,0
391.0,Mount Holyoke C.,2563,,3127,,3044,,2720,,2305,,2810,,2838,,2716,,3335,,3565.0,,0
392.0,Gallaudet U.,2013,,3520,,4005,i,4490,i,4975,,4404,,4305,,4468,,3457,,3543.0,,0
393.0,Missouri State U.,5188,,9320,,9042,,11244,,7737,,5576,,4340,,3879,,3677,,3516.0,,0
394.0,"CUNY, John Jay C. of Criminal Justice",779,,2259,,2964,,3461,,4354,,4125,,5001,,3799,,3726,,3515.0,,0
395.0,Appalachian State U.,2158,,2912,,3586,,2937,,2550,,3498,,4196,,2877,,3977,,3507.0,,0
395.0,New York Institute of Technology,3613,,2708,,2061,,2197,,1785,,1934,,2056,,3214,,4916,,3507.0,,0
397.0,Pace U.,566,,718,,1642,,1376,,2413,,2709,,3306,,2914,,3570,,3436.0,,0
398.0,Montclair State U.,1693,,1341,,1405,,1733,,1368,,3373,,4470,,4005,,3342,,3433.0,,0
399.0,Amherst C.,3388,,2926,,3364,,2796,,2622,,3230,,3618,i,4007,,3171,,3401.0,,0
400.0,"Pennsylvania State U., Harrisburg",,,,,,,,,2728,,3446,,2774,,1906,,2482,,3379.0,,0
401.0,U. of the Sciences Philadelphia,1260,,1449,,1777,,1673,,1945,,2314,,2341,,2087,,2586,,3366.0,,0
402.0,Youngstown State U.,1308,,611,,1193,,2081,,4518,,4625,,3533,,3713,,3410,,3331.0,,0
403.0,Roseman U. of Health Sciences,ne,,ne,,ne,,ne,,ne,,840,,ne,,ne,,3021,,3287.0,,0
404.0,Loyola Marymount U.,1599,,1597,,1708,,2291,,1364,,3938,,2369,,2285,,3610,,3286.0,,0
405.0,U. Northern Iowa,1205,,3455,,2960,,2160,,2077,,3451,,3302,,3395,,3510,,3281.0,,0
406.0,Pomona C.,2584,,3108,,3288,,2748,,2377,,3115,,2694,,3364,,3412,,3234.0,,0
407.0,Harvey Mudd C.,2301,,2739,,3005,,2691,,3214,,3830,,3507,,3531,,3088,,3204.0,,0
408.0,U. North Florida,4110,,3875,,3158,,4878,,6316,,8773,,6620,,4126,,2657,,3160.0,,0
409.0,"Touro U., Vallejo",ne,,ne,,ne,,1305,,999,,1196,,1993,,1772,,3067,,3106.0,,0
410.0,"Memorial Sloan Kettering Cancer Center, Louis V. Gerstner Jr. Graduate S. of Biomedical Sciences",ne,,ne,,ne,,ne,,ne,,2342,,2562,,2979,,3356,,3089.0,,0
410.0,Texas Southern U.,4299,,3688,,4027,,4232,,4744,,4255,,4424,,5518,,2855,,3089.0,,0
412.0,Chapman U.,833,,706,,370,,1286,,2135,,2098,,2396,,2734,,3189,,3074.0,,0
413.0,Reed C.,1118,,1220,,1291,,1096,,1904,,1839,,1837,,2395,,3091,,3050.0,,0
414.0,Franklin and Marshall C.,1645,,1993,,2114,,2801,,3444,,3140,,2543,,2855,,2123,,3045.0,,0
415.0,Fuller Theological Seminary,729,,780,,442,,598,,384,,842,,ne,,2329,,3106,,2998.0,,0
416.0,Eastern Washington U.,1999,,2136,,2277,,1989,,3171,,3780,,2538,,2027,,1820,,2973.0,,0
417.0,U. Wisconsin-La Crosse,2838,,3414,,2949,,3010,,3852,,3366,i,2879,,2815,,3121,,2948.0,,0
418.0,Hope C.,2926,,2603,,2198,,2321,,3552,,3605,,3320,,3367,,2719,,2932.0,,0
419.0,A. T. Still U.,1439,,826,,1179,,623,,1253,,1925,,562,i,744,i,926,,2904.0,,0
420.0,Bowdoin C.,2281,,2186,,1942,,1915,,2532,,2633,,4277,,4025,,2950,,2873.0,,0
421.0,"California State U., Bakersfield",6379,,1833,,1873,,1985,,2083,,3130,,1115,,2380,,2254,,2857.0,,0
422.0,Sam Houston State U.,1958,,2500,,3049,,3313,,6045,,2637,,3643,,3225,,3235,,2804.0,,0
423.0,Bates C.,1549,,1020,,915,,1117,,1545,,1814,,2031,,2444,,1531,,2725.0,,0
424.0,Carleton C.,1785,,1852,,1942,,2829,,2916,,3081,,3529,,4768,,4426,,2718.0,,0
425.0,Kettering U.,3473,,2209,,3689,,4294,,6275,,4936,,3215,,2806,,2728,,2685.0,,0
426.0,U. Northern Colorado,2566,,1822,,2039,,2387,,2029,,1801,,2012,,2174,,3252,,2670.0,,0
427.0,"CUNY, Lehman C.",4476,,4852,,3498,,2696,,2932,i,3168,,2982,,2242,,2543,,2613.0,,0
428.0,Barnard C.,2742,,2764,,2823,,2899,,3240,,3916,,3611,,2893,,2403,,2562.0,,0
429.0,Philadelphia C. of Osteopathic Medicine,1034,,1754,,1390,,1223,,1278,,2401,,1898,,2614,,2209,,2561.0,,0
430.0,"U. Oklahoma, Tulsa",ne,,ne,,ne,,ne,,ne,,ne,,ne,,ne,,ne,,2554.0,,0
431.0,"Toyota Technological Institute, Chicago",ne,,ne,,ne,,ne,,ne,,746,,ne,,ne,,ne,,2543.0,,0
432.0,Calvin C.,1540,,2063,,3343,,3061,,3720,,2045,,2370,,3408,,2627,,2528.0,i,0
433.0,Albany C. of Pharmacy and Health Sciences,2307,,3248,,3486,,2808,,3074,,3496,,2639,,2637,,3200,,2520.0,,0
434.0,U. Richmond,1923,,1958,,2823,,2863,,3243,,3051,,3302,,2602,,2921,,2484.0,,0
435.0,Lewis and Clark C.,854,,1048,,1113,,1270,i,1427,,1504,,1222,,2948,,3118,,2480.0,,0
436.0,Fairfield U.,1806,,2148,,2651,,2422,,2233,,2720,,2640,i,2557,,2897,,2400.0,,0
437.0,"SUNY, Buffalo State",1699,,1292,,1625,,2327,,1889,,2532,,2970,,2099,,1971,,2355.0,,0
438.0,"U. Texas, Tyler",795,,1395,,3393,,3078,,2566,,2394,,3705,,2343,,2573,,2349.0,,0
439.0,Murray State U.,3364,,2555,,2335,,1719,,3384,,3713,,3341,,2179,,2053,,2341.0,,0
440.0,U. San Diego,499,,667,,621,,2001,,2567,,2340,,2485,,2552,,2873,,2332.0,,0
441.0,Davidson C.,296,,852,,1239,,1873,,1432,,1808,,1291,,2213,,1629,,2305.0,,0
442.0,Alabama State U.,1900,,1900,,2461,,17164,,13340,,12340,,13607,,1927,,2236,,2303.0,,0
443.0,West Chester U. Pennsylvania,244,,762,,2454,,1483,,4634,i,7785,,1914,,969,,1294,,2294.0,,0
444.0,Haverford C.,967,,1182,,1397,,1870,,3603,i,2765,i,2588,i,2370,i,2546,i,2266.0,i,0
445.0,Colgate U.,1837,,2217,,2562,,2569,,2559,,2109,,3004,,2340,,2226,,2244.0,,0
446.0,Edward Via C. of Osteopathic Medicine,ne,,ne,,ne,,ne,,ne,,2453,,2576,,4992,,2633,,2237.0,,0
447.0,"St. John's U., Manhattan",1538,,1783,,1657,,1548,,1509,,1697,,1971,,2376,,2392,,2225.0,,0
447.0,Trinity U.,1206,,1244,,1530,,1250,,1387,,1355,,1611,,2815,,2499,,2225.0,,0
449.0,Western U. of Health Sciences,1575,,909,,1217,,1572,,1283,,900,,2773,,2218,,2384,,2219.0,,0
450.0,Lamar U.,3277,,3695,,4692,,5376,,5316,,4685,,3570,,2564,,2439,,2218.0,,0
451.0,Swarthmore C.,2385,,1449,,1738,,2217,,2381,,2364,,2684,,2744,,2657,,2215.0,,0
452.0,Pittsburg State U.,2810,,2533,,2065,,2161,,1759,,1687,,1479,,1536,,2458,,2205.0,,0
453.0,Towson U.,1038,,1098,,2357,,4025,,3002,,3570,,2529,,2795,,2265,,2200.0,,0
454.0,Sul Ross State U.,2676,,3056,,2542,,2671,,2970,,3101,,2296,,2159,,2528,,2187.0,,0
455.0,Central Washington U.,2183,,2431,,3025,,3131,,5132,,2854,,2752,,2087,,1998,,2182.0,,0
456.0,Commonwealth Medical C.,ne,,ne,,ne,,ne,,ne,,ne,,2777,,2647,,2384,,2171.0,,0
457.0,"U. Washington, Bothell",,,,,,,,,471,,497,,553,,13,,742,,2168.0,,0
458.0,St. Cloud State U.,2224,,2656,,3543,,3153,,2326,,1992,,1489,,1418,,1511,,2148.0,,0
459.0,Franklin W. Olin C. of Engineering,ne,,ne,,ne,,ne,,ne,,1012,,1777,,1157,,1561,,2136.0,,0
460.0,Vassar C.,902,,600,,1052,,1018,,1236,,1552,,993,,1136,,999,,2118.0,i,0
461.0,U. Wisconsin-Oshkosh,1115,,1059,,1516,,1067,,1229,,1847,,2027,,1869,i,1969,i,2100.0,i,0
462.0,Fayetteville State U.,632,,1743,,1304,,1613,,2188,,2378,,1771,,2050,,2499,,2092.0,,0
463.0,Grinnell C.,699,,787,,955,,627,,1797,,1072,,2001,,2603,,2336,,2091.0,,0
464.0,"U. North Carolina, Asheville",3192,,5202,,4039,,2933,,2322,,2603,,2575,,2189,,1597,,2046.0,,0
465.0,U. of the District of Columbia,5065,,5165,,5629,,3818,,5012,,3700,,4011,,3073,,2361,,2043.0,,0
466.0,"U. Illinois, Springfield",1083,,1321,,1622,,1347,,1808,,1536,,2155,,2205,,1852,,2040.0,,0
467.0,Hofstra U.,730,,687,,651,,868,,1151,,1095,,1546,,955,,1354,,2039.0,,0
468.0,U. Central Arkansas,7002,,7036,,1638,,1515,,1700,,1457,,1563,,1444,,2201,,2037.0,,0
469.0,Southeastern Louisiana U.,2150,,1650,,2302,,1609,,2172,,1638,,1733,,1642,,1408,,1984.0,,0
470.0,Seattle U.,930,i,1096,i,1262,,1107,,1190,i,1274,,642,,ne,,1500,,1975.0,,0
471.0,Texas A&M U.-Commerce,858,,1616,,1653,,2052,,2147,,1316,,1550,,1758,,1606,,1972.0,,0
472.0,Florida Gulf Coast U.,3133,,3479,,3344,,3915,,3841,,3611,,3190,,2943,,2150,,1967.0,,0
473.0,Middle Tennessee State U.,2015,,2135,,1590,,2482,,3370,,2825,,5491,,3384,,1522,,1965.0,,0
474.0,Lawrence Technological U.,2137,,2001,,1689,,1855,,3103,,3158,,1471,,1666,,1393,,1962.0,,0
475.0,"CUNY, C. Staten Island",2282,,3494,,3027,,3341,,3137,,2162,,3151,,2477,i,2089,,1907.0,,0
476.0,Connecticut C.,1127,,1020,,867,,1112,,1532,,1801,,1740,,1842,,1966,,1900.0,,0
477.0,U. Detroit Mercy,466,,480,i,ne,,1392,,1084,,1127,,933,,ne,,1305,,1872.0,,0
478.0,Tougaloo C.,461,,1675,,2381,,2783,,2978,,2542,,1865,,1857,,1894,,1868.0,,0
479.0,U. San Francisco,798,,1096,,1390,,1281,,1546,,1734,,3405,,2233,,2208,,1848.0,,0
480.0,Elizabeth City State U.,703,,1892,,2979,,3421,,5366,,10229,,3811,,3843,,2434,,1837.0,,0
481.0,Texas Woman's U.,1975,,2047,,2253,,2211,,2155,,2576,,3196,,2067,,1970,,1812.0,,0
481.0,"U. Washington, Tacoma",,,,,,,,,106,,142,,261,,23,,1,,1812.0,,0
483.0,Oberlin C.,810,,773,,726,,869,,1940,,1652,,1778,,1599,,1755,,1801.0,,0
483.0,Savannah State U.,2342,,2301,,1902,,1651,,1874,,2700,,1996,,2613,,2210,,1801.0,,0
485.0,U. del Turabo,864,,417,,532,,423,,1054,,410,,615,,566,,2319,,1780.0,,0
486.0,Norwich U.,ne,,ne,,ne,,ne,,ne,,1393,i,1218,,1543,,1497,,1761.0,,0
487.0,Coastal Carolina U.,1210,,1095,,1969,,1444,,2383,,2035,,2232,,2411,,2079,,1750.0,,0
488.0,Furman U.,1433,,1042,,1359,,1855,,2202,,2023,,1889,,1994,,1513,,1748.0,,0
489.0,Pepperdine U.,ne,,ne,,556,,606,,239,,1134,i,1455,i,1107,i,1298,,1725.0,,0
490.0,Northern Kentucky U.,1820,,1584,,1659,,1769,,2188,,2214,,1970,,1641,,1867,,1715.0,,0
491.0,Keck Graduate Institute,ne,,ne,,ne,,ne,,ne,,2313,,1920,,2357,,2132,,1708.0,,0
492.0,"Palmer C. of Chiropractic, Davenport",ne,,ne,,3340,,3415,,4693,,4861,,4507,,3774,,2736,i,1698.0,,0
493.0,"California State U., Chico",2208,i,1796,i,1384,,1889,,2710,,2288,,2430,,2833,,2284,,1676.0,,0
494.0,Santa Clara U.,3700,i,3814,i,3986,,4066,,3812,,2327,,3082,,2201,,2772,,1654.0,,0
495.0,Willamette U.,375,,377,,455,,951,,1161,,1161,,1825,,1484,,1183,,1643.0,,0
496.0,"California State U., Channel Islands",ne,,ne,,ne,,ne,,ne,,363,,ne,,1101,,3324,,1640.0,,0
496.0,"U. Louisiana, Monroe",4376,,4674,,16997,,4794,,2869,,2801,,2439,,2753,,2267,,1640.0,,0
498.0,"Minnesota State U., Mankato",880,,964,,1521,,3133,,3344,,1990,,1614,,1945,,1798,,1632.0,,0
499.0,"Oklahoma State U., Center for Health Sciences",,,,,,,,,4398,,2815,,2122,,2137,,1805,,1625.0,,0
500.0,Skidmore C.,772,,726,,782,,1411,,2632,,1941,,1758,,1733,,1646,,1620.0,,0
501.0,U. Central Oklahoma,841,,406,,865,,935,,1786,,1537,,998,,1058,,1207,,1619.0,,0
502.0,Valparaiso U.,699,,763,,866,,780,,703,,1250,,1997,,1032,,1392,,1590.0,,0
503.0,"U. Alaska, Southeast",720,,1338,,2435,,1787,,1620,,1147,,1107,,1241,,1484,,1588.0,,0
504.0,Middlebury C.,1767,i,1830,,1789,,1852,,2284,,2358,,3015,,2083,,1371,,1574.0,,0
505.0,Colby C.,1482,,1131,,1216,,1433,,1515,,1528,,1709,,1571,,1475,,1573.0,,0
506.0,Saint Michael's C.,ne,,ne,,ne,,613,,623,,703,,ne,,1497,,1500,,1532.0,,0
507.0,Plymouth State U.,ne,,ne,,1193,,1087,,1241,i,2010,i,1550,,1391,,1550,,1531.0,,0
508.0,California Maritime Academy,ne,,ne,,ne,,ne,,ne,,3005,i,2342,,2180,,1011,,1522.0,,0
509.0,"U. Puerto Rico, Cayey",ne,,411,,1057,,1237,,713,,1067,,1817,,1726,,1795,,1521.0,,0
510.0,"Indiana U., South Bend",,,,,,,,,1037,,992,,1098,,1271,,1413,,1514.0,,0
511.0,Eastern Michigan U.,3580,,3027,,4341,,5757,,5388,,5044,,5428,,2655,,1244,,1509.0,,0
512.0,Central State U.,2320,,2320,,2553,,3244,,3060,,3694,,3490,,2769,,2025,,1508.0,,0
513.0,Bowie State U.,1951,,1960,,ne,,ne,,ne,,1910,,1739,,1422,,1761,,1497.0,,0
514.0,U. of the Pacific,4161,,4131,,5946,,5528,,4429,,3241,,3753,,3479,,1877,,1488.0,,0
515.0,Siena C.,630,i,585,i,567,,1069,,1061,,1714,,1662,,1913,,1724,,1478.0,,0
516.0,Marshall B. Ketchum U.,ne,,ne,,ne,,ne,,ne,,ne,,ne,,ne,,1030,,1468.0,,0
517.0,Indiana State U.,2271,,1697,,1689,,1503,,1526,,1980,,1857,,1230,,1434,,1459.0,,0
518.0,Bradley U.,1905,,1860,,1760,,1598,,1123,,1856,,2354,,2840,,1483,,1452.0,,0
519.0,Roger Williams U.,1050,,867,,945,,636,,1174,,1616,,1369,,1283,,1927,,1450.0,,0
520.0,"Union C., Schenectady",1992,,2086,,2557,,1865,,1957,,1527,,1378,,2312,,1807,,1431.0,,0
521.0,Occidental C.,1449,,1652,,2110,,2625,,2154,,1803,,1592,,1634,,2177,,1426.0,,0
522.0,Colorado C.,ne,,ne,,644,,476,,543,,751,,701,,398,,896,,1423.0,,0
523.0,Morehead State U.,1332,,1758,,2822,,1777,,1882,,2000,,2064,,2376,,1433,,1420.0,,0
524.0,Bastyr U.,ne,,ne,,ne,,1485,,1572,,2121,,2844,,2728,,3857,,1409.0,,0
525.0,Rhode Island C.,ne,,ne,,ne,,ne,,ne,,2316,,1569,,1167,,907,,1396.0,,0
526.0,"CUNY, Baruch C.",1118,,1030,,1161,,1047,,1860,,1342,,2143,,967,,900,,1379.0,,0
527.0,Eastern Kentucky U.,894,,614,,540,,1087,,3017,,3169,,2965,,2182,,1858,,1375.0,,0
528.0,Benedict C.,1314,,1604,,1352,,1279,,1533,,3009,,2754,,2664,,2479,,1373.0,,0
529.0,U. Hartford,1633,,1923,,2427,,4338,,1137,,2414,,1736,,1448,,1305,,1350.0,,0
530.0,American Samoa Community C.,ne,,ne,,ne,,ne,,ne,,ne,,ne,,ne,,ne,,1337.0,,0
531.0,"SUNY, C. Brockport",839,,1025,,706,,651,,831,,1248,,1487,,1183,,1130,,1329.0,,0
532.0,Kennesaw State U.,361,,548,,634,,592,,1401,,1374,,1738,i,2100,,1881,,1316.0,,0
533.0,Providence C.,432,,558,,555,,661,,895,,758,,ne,,887,,ne,,1311.0,,0
534.0,Stockton U.,ne,,ne,,ne,,ne,,ne,,1226,,609,,ne,,1155,,1297.0,,0
535.0,Salus U.,1642,,1587,,1851,,1380,,1359,,1493,,1337,,1368,,1190,,1257.0,,0
536.0,Albany State U.,1455,,1331,,2441,,1206,,740,,1416,,2213,,1658,,1549,,1233.0,,0
537.0,Hawaii Pacific U.,ne,,ne,,ne,,ne,,ne,,592,,1016,,983,,1524,,1221.0,,0
538.0,"Trinity C., Hartford",593,,951,,669,,885,,1292,,1449,,1675,,1369,,1654,,1217.0,,0
539.0,"U. Nebraska, Kearney",758,,1306,,688,,1116,,1441,,2137,,948,,1234,,1275,,1216.0,,0
540.0,Claflin U.,930,,1261,i,1592,,3328,,3241,,5202,,5255,,2574,,1618,,1204.0,,0
541.0,Lafayette C.,1612,,1472,,1785,,1411,,1544,,1720,,1308,,1269,,973,,1201.0,,0
542.0,Black Hills State U.,2628,,2935,,2539,,1719,,1741,,1568,,1909,,1983,,1322,,1197.0,,0
543.0,Salish Kootenai C.,ne,,ne,,446,,519,,382,,658,,1019,,1042,,1399,i,1186.0,,0
544.0,U. del Este,432,,407,,416,,709,,1328,,1166,,1147,,1518,,1367,,1173.0,,0
545.0,Winthrop U.,ne,,ne,,ne,,ne,,ne,,1350,,1465,,1207,,1211,,1163.0,,0
546.0,"SUNY, Geneseo",1036,,1743,,2139,,1912,,1174,,2239,,1989,,1082,,957,,1162.0,,0
547.0,"U. South Carolina, Aiken",,,,,,,,,337,i,750,,ne,,1309,,1133,i,1154.0,,0
548.0,Dakota State U.,ne,,ne,,ne,,ne,,ne,,1015,,5709,,1574,,1446,,1152.0,,0
549.0,Sonoma State U.,637,,408,,652,,525,,858,,787,,ne,,1938,,1714,,1146.0,,0
550.0,Western Carolina U.,1905,,2602,,3329,,2693,,2353,,1419,,1768,,1011,,1048,,1145.0,,0
551.0,Shaw U.,1815,,1826,,2090,,2314,,2042,i,1769,,1777,i,ne,,1378,i,1136.0,i,0
552.0,Gonzaga U.,ne,,ne,,844,,705,,1048,,1696,,1710,,1186,,1084,,1134.0,,0
553.0,"U. Texas, Permian Basin",ne,,995,,2556,,797,,1274,,1024,,969,,716,,1216,,1132.0,,0
554.0,Lake Superior State U.,ne,,ne,,ne,,ne,,ne,,752,,ne,,ne,,ne,,1122.0,,0
555.0,St. Olaf C.,854,,1060,,1321,,1067,,1545,,1078,,1415,,1209,,1191,,1118.0,,0
556.0,Heidelberg U.,ne,,ne,,ne,,ne,,ne,,1219,i,ne,,1129,,1537,,1107.0,,0
557.0,Central Connecticut State U.,573,,523,,363,,297,,659,,1083,,1248,,1416,,971,,1106.0,,0
558.0,Grambling State U.,567,,428,,643,,818,i,993,,2085,,1523,,1327,,1165,,1098.0,,0
559.0,Macalester C.,2351,,2349,,2457,,2560,,3080,,3343,,1518,,1241,,1256,,1096.0,,0
560.0,C. Wooster,966,,944,,611,,880,,938,,1110,,880,,ne,,1135,,1092.0,i,0
561.0,"SUNY, C. Plattsburgh",1985,,1190,,425,,1464,,1613,,1098,,913,,ne,,1008,,1087.0,,0
562.0,"California State U., Stanislaus",ne,,ne,,ne,,ne,,ne,,1419,i,1758,,1104,,892,,1078.0,,0
563.0,New England C. of Optometry,1711,,1356,,1604,,1596,,1457,,1751,,2237,,2172,,1234,,1077.0,,0
563.0,U. Western States,ne,,ne,,907,,810,,996,,858,,ne,,1238,,1383,,1077.0,,0
565.0,Kean U.,ne,,ne,,ne,,ne,,ne,,550,,1191,,473,,ne,,1064.0,,0
565.0,U. Tampa,ne,,ne,,ne,,ne,,ne,,ne,,ne,,666,,1061,,1064.0,,0
567.0,Elon U.,ne,,ne,,ne,,ne,,ne,,602,i,707,i,876,i,851,,1054.0,,0
568.0,"California State U., Dominguez Hills",3190,,6016,,3506,,2836,,2743,,2780,,2894,,3088,,1384,i,1035.0,,0
568.0,Spelman C.,3084,,3741,,2005,,2944,,2740,,1833,,1874,,1366,,1185,,1035.0,,0
570.0,U. Houston system administration,ne,,ne,,ne,,ne,,ne,,ne,,ne,,ne,,ne,,1027.0,,0
571.0,U. Houston-Downtown,509,,175,,292,,520,,1010,,1272,,2123,,584,,605,,1016.0,,0
572.0,U. Wisconsin-Green Bay,1328,,1031,,1056,,979,,1128,,984,i,991,i,998,i,1003,i,1010.0,i,0
573.0,Christopher Newport U.,789,,709,,805,,1038,,1096,,1669,,1327,,1173,,1469,,1002.0,,0
574.0,Pacific U.,402,,793,,808,,519,,1567,,927,,481,,2387,,1094,i,978.0,,0
575.0,Alaska Pacific U.,ne,,ne,,309,,414,,434,,518,,ne,,ne,,ne,,976.0,,0
576.0,Keene State C.,ne,,ne,,ne,,ne,,ne,,1029,,814,i,597,,1048,,966.0,,0
577.0,"CUNY, Medgar Evers C.",636,,512,,283,,358,,618,,1929,,1555,,1134,,1063,,937.0,,0
578.0,Texas A&M International U.,ne,,ne,,196,,1227,,1596,,1336,,1225,,1349,,1450,,925.0,,0
579.0,Sewanee: U. of the South,186,,190,,ne,,ne,,ne,,957,,847,,ne,,1058,,906.0,,0
580.0,McNeese State U.,392,,316,,691,,807,,1000,,1224,,828,,803,,971,,893.0,,0
581.0,"U. South Carolina, Beaufort",,,,,,,,,462,i,882,,ne,,ne,,ne,,892.0,,0
582.0,Austin Peay State U.,ne,,ne,,ne,,ne,,ne,,1603,,1358,,1413,,868,,863.0,,0
583.0,U. Houston-Clear Lake,789,,851,,709,,769,,831,,1273,,1253,,1175,,1013,,853.0,,0
584.0,Saginaw Valley State U.,443,,680,,374,,561,,585,,925,,748,,576,,ne,,838.0,,0
585.0,Ithaca C.,1657,,1434,,1457,,1091,,1046,,963,,1079,,1141,,1079,,836.0,,0
586.0,"CUNY, system office",ne,,ne,,ne,,ne,,ne,,ne,,819,,435,,652,,828.0,,0
587.0,Oregon Institute of Technology,4047,,4155,,4296,,ne,,ne,,258,,ne,,ne,,ne,,788.0,,0
588.0,Western Illinois U.,1154,,1485,,1597,,1742,,1210,,1524,,4514,,1983,,1349,,778.0,,0
589.0,Dickinson C.,847,,1076,,1311,,1479,,1432,,1308,,1133,,836,,756,,760.0,,0
590.0,"Augustana C., Sioux Falls",892,,807,,843,,811,,912,,1578,,1160,,1045,,1106,,756.0,,0
591.0,Rider U.,1287,,1330,,1410,,1550,,442,,373,,550,,823,i,830,i,754.0,,0
592.0,Quinnipiac U.,ne,,ne,,ne,,ne,,ne,,ne,,790,i,803,i,ne,,750.0,i,0
593.0,"U. Puerto Rico, Humacao",4429,,5220,,2124,,1961,,1968,i,1976,,1949,,1452,,1102,,748.0,,0
594.0,Augsburg C.,579,,676,,728,,ne,,ne,,1113,,1073,,620,,ne,,747.0,,0
595.0,"Saint John's U., Collegeville",ne,,ne,,619,,485,,390,,563,,ne,,763,,907,,745.0,,0
596.0,Seton Hall U.,2395,,2685,,2290,,8923,,3030,,5560,,679,,691,,688,,736.0,,0
597.0,U. Wisconsin-Platteville,605,,540,,511,,685,,681,,715,i,ne,,ne,,899,i,726.0,i,0
598.0,Nicholls State U.,1121,,922,,841,,1572,,2202,,2719,,1725,,883,,869,,697.0,,0
599.0,"U. Minnesota, Morris",,,,,,,,,415,,473,,ne,,477,,799,,676.0,,0
600.0,Northwest Indian C.,ne,,ne,,ne,,2491,,2271,i,2557,i,2590,,2760,,2182,i,663.0,i,0
601.0,C. of Saint Benedict,ne,,ne,,ne,,ne,,ne,,513,,ne,,738,,769,,662.0,,0
602.0,Hobart and William Smith Colleges,ne,,685,,1443,,1457,,1320,,1355,,1120,,2042,,1100,,654.0,,0
603.0,Saint Joseph's U.,3037,,2930,,2215,,2129,,1957,,1840,,1704,,937,,569,,650.0,,0
604.0,Mercyhurst U.,819,,767,,609,,825,,1106,,581,,588,,474,,887,,631.0,,0
605.0,Hamilton C.,1504,,1907,,1261,,1344,,1431,,1476,,1136,,1660,,1178,,627.0,,0
606.0,Suffolk U.,ne,,ne,,ne,,ne,,ne,,847,,477,,748,,757,,625.0,,0
607.0,Barry U.,ne,,ne,,697,,875,,897,,1348,,1447,,3034,,1658,,607.0,,0
608.0,Eastern Connecticut State U.,ne,,ne,,ne,,ne,,ne,,96,,ne,,ne,,574,,606.0,,0
609.0,U. of the Incarnate Word,ne,,ne,,ne,,ne,,ne,,302,,ne,,ne,,ne,,576.0,,0
610.0,"CUNY, Advanced Science Research Center",na,,na,,na,,na,,na,,na,,na,,na,,na,,569.0,,0
611.0,U. West Georgia,1042,,1172,,1462,,1072,,1020,,1318,,961,,835,,905,,545.0,,0
612.0,"Wheaton C., Wheaton",ne,,ne,,ne,,ne,,ne,,769,,658,,ne,,850,,532.0,,0
613.0,U. New Haven,ne,,353,,ne,,ne,,ne,,595,,456,,728,,511,i,518.0,,0
614.0,"U. Massachusetts, central office",ne,,ne,,ne,,ne,,ne,,ne,,485,,131,,339,,517.0,,0
615.0,"SUNY, Farmingdale State C.",ne,,ne,,ne,,ne,,228,,604,,693,,1896,,582,,508.0,,0
616.0,La Salle U.,243,,2758,,2920,,2359,,594,,539,,287,,324,,461,,495.0,,0
617.0,Doane C.,ne,,ne,,ne,,ne,,ne,,1022,,678,,ne,,1026,,474.0,,0
618.0,Niagara U.,ne,,ne,,ne,,465,,655,,783,,1476,,1053,,611,,458.0,,0
619.0,Emerson C.,ne,,ne,,ne,,ne,,ne,,ne,,ne,,ne,,ne,,455.0,,0
620.0,Washington and Lee U.,402,,329,,272,,804,,939,,455,,ne,,271,,ne,,426.0,,0
621.0,Marist C.,545,i,ne,,927,,989,,433,i,201,,ne,,ne,,ne,,345.0,,0
622.0,Rhode Island School of Design,ne,,ne,,ne,,ne,,ne,,377,,ne,,ne,,ne,,328.0,,0
623.0,"CUNY, York C.",1525,,2550,,2210,,ne,,ne,,2134,,1153,,826,,ne,,315.0,,0
624.0,National U.,ne,,ne,,ne,,ne,,ne,,0,i,0,i,0,,1,,288.0,,0
625.0,La Sierra U.,ne,,ne,,ne,,ne,,ne,,661,,ne,,ne,,283,,280.0,,0
626.0,"U. South Florida, Sarasota-Manatee",,,,,,,,,105,,86,,ne,,ne,,290,,274.0,,0
627.0,U. of Mary Washington,ne,,ne,,ne,,ne,,ne,,563,i,90,,ne,,ne,,266.0,,0
628.0,"U. South Florida, Saint Petersburg",,,,,,,,,659,,364,,559,,1195,,1498,,252.0,,0
629.0,East Central U.,ne,,ne,,ne,,ne,,ne,,1937,i,937,,ne,,295,,246.0,,0
630.0,Seattle Pacific U.,ne,,150,i,ne,,235,,205,,320,,301,,172,,227,,244.0,,0
631.0,U. Redlands,1172,,1206,,1190,,1422,,1107,,1357,,1367,,1280,,1154,,225.0,,0
632.0,Florida Polytechnic U.,na,,na,,na,,na,,na,,na,,na,,na,,na,,212.0,,0
633.0,Jacksonville State U.,1470,,523,,ne,,224,,398,,624,,ne,,ne,,ne,,197.0,,0
634.0,Maine Maritime Academy,ne,,ne,,ne,,ne,,ne,,338,i,ne,,ne,,ne,,168.0,i,0
635.0,Wheeling Jesuit U.,6304,i,7005,,1131,,7097,,2179,,4132,,3179,,853,,502,,108.0,,0
636.0,Wiley C.,ne,,ne,,286,,313,,491,,414,,86,,320,,54,,103.0,,0
637.0,Mills C.,550,i,575,i,560,i,260,,122,,210,,162,,325,,139,,99.0,,0
638.0,"Purdue U., North Central",,,,,,,,,127,,137,,254,,255,,113,,89.0,,0
All other surveyed institutionsb,5562555,,5637308,,5929118,,6355277,,500336,,796586,,702327,,647137,,18623,,0.0,,,-1
